{"cameraMode":{"drawMode":0,"name":"Shaded","section":"Shading Mode"},"sceneLighting":true,"audioPlay":false,"sceneViewState":{"m_AlwaysRefresh":false,"showFog":true,"showSkybox":true,"showFlares":true,"showImageEffects":true,"showParticleSystems":true,"showVisualEffectGraphs":true,"m_FxEnabled":true},"in2DMode":false,"pivot":{"x":-1.9077720642089844,"y":-12.225153923034668,"z":-2.1123158931732179},"rotation":{"x":-0.11009915173053742,"y":0.8864117860794067,"z":-0.35693538188934328,"w":-0.27342164516448977},"size":17.646133422851564,"orthographic":false}