{"cameraMode":{"drawMode":0,"name":"Shaded","section":"Shading Mode"},"sceneLighting":true,"audioPlay":false,"sceneViewState":{"m_AlwaysRefresh":false,"showFog":true,"showSkybox":true,"showFlares":true,"showImageEffects":true,"showParticleSystems":true,"showVisualEffectGraphs":true,"m_FxEnabled":true},"in2DMode":false,"pivot":{"x":11.701509475708008,"y":-6.317076683044434,"z":-3.951605796813965},"rotation":{"x":-0.11009915173053742,"y":0.8864117860794067,"z":-0.35693538188934328,"w":-0.27342164516448977},"size":16.224735260009767,"orthographic":false}